{"gunTokenPrice":0.01984307,"change24h":-1.22131,"sparkline7d":[0.032199802200543706,0.031169074357523602,0.031156698795570047,0.030871383907628603,0.030322993193994185,0.030436653047235175,0.030537901604165255,0.030482754089239117,0.031118595136721074,0.03112807217324145,0.030842534588144916,0.030809828975660706,0.030979085635114863,0.030490509597704732,0.030811992885876025,0.03064148347354071,0.030662865359814637,0.03064561698131205,0.03054299124286668,0.03075848326520142,0.0310935438114153,0.031013032027593243,0.031191367820040627,0.03136201905117085,0.03164504830472863,0.03146726654644212,0.031138999071346988,0.03093554160855019,0.031137891647259726,0.030951734545202017,0.030923291064885235,0.030832627621981905,0.030342138371713085,0.03025567701727832,0.030259063223490965,0.030022019677039265,0.029591960205145745,0.02995147726571907,0.02741645746985254,0.027726713552366434,0.026953599835917663,0.02736333955657934,0.026910937348164778,0.02689506687262722,0.026841862140571666,0.026793854063098733,0.02677045164631305,0.026977418085778755,0.02694782098995805,0.027446414683805154,0.02707451540179413,0.026816739324934905,0.026817877548576428,0.026623602078278248,0.025721374474802012,0.026196831334440583,0.025878255085154876,0.026165827424248302,0.026518053700469935,0.026452447128370343,0.026262833457896043,0.02632968852509799,0.026052141187264597,0.02577163160111926,0.02649060404528691,0.026481124371524493,0.026628292454661865,0.026841693807396264,0.026859574840424488,0.026509162158391355,0.026937260179415688,0.026731109060950695,0.026734510793587667,0.026909471556504354,0.027137311005692687,0.027075390599152264,0.027033366435068856,0.0268870312064356,0.02667628315861502,0.026559668609722153,0.02626078867755463,0.02610686983904028,0.025927098058625125,0.02596116143058512,0.025828091887747474,0.02611316967006614,0.025894168752573797,0.025838695473699675,0.025721124584086135,0.025431123013516584,0.025622096722617154,0.025294362505038418,0.025273582616983266,0.02594038451929646,0.025820150759278803,0.025869225750429478,0.026140179554078418,0.026278956237024836,0.02656583923055344,0.026572469535902445,0.02632720684157399,0.026338057323092644,0.025961455125001115,0.025813773115563876,0.025597717193581254,0.025682290363259495,0.02576191345772555,0.02592195504689994,0.025808118358369502,0.025611737770051515,0.025973659456940693,0.026347364670124176,0.02656733142629973,0.026339629303865124,0.026327810318327968,0.02637587312838319,0.026320179687856386,0.02643502149386395,0.02684537655737001,0.027266758570911404,0.027393106207190265,0.02775091643087523,0.027960588808817657,0.027766915366708573,0.02832371555985603,0.028430470311273572,0.02850284383327071,0.028172572827349775,0.02774215800623067,0.027827149479703887,0.02790904391488739,0.0277223114042959,0.027661126458553262,0.02568051512527107,0.02581202428614975,0.02493991528039823,0.02473225571740463,0.025018881481935748,0.02441219130790938,0.02387262426014286,0.020154458499875745,0.02049798367176604,0.020626345234139375,0.02089449682513603,0.02035001218579359,0.020438000663093696,0.0200785072822876,0.020203824883880776,0.02041463062036431,0.020087923768105687,0.020313716560634257,0.020555692318246728,0.02063820192324477,0.021100821304490654,0.02160476194371567,0.02108400280384631,0.021154145474370983,0.021087340719017942,0.02110275078964785,0.021101818445476973,0.02125227590429945,0.021034343807684937,0.020986557433023047,0.0209636340297733,0.021058631401021603,0.020691379876463523,0.020315236548665162,0.02033554530227613,0.02012165119059345],"sparkline14d":[0.02857674721293089,0.028580311749802804,0.028182392735994807,0.02820428808429692,0.028337447783413107,0.028709389100773617,0.02880117358443125,0.02880846179731962,0.028806826063602475,0.028745576687746237,0.028411630026832627,0.028461597830529244,0.02859045374674873,0.028613778253769834,0.028611146050573934,0.028687848071012604,0.02851539706303056,0.028353570783421878,0.02828868956042064,0.02851765753840431,0.028522401398448128,0.028336952167514546,0.02844892221374475,0.028552820359704276,0.028426809311575037,0.02869777079698913,0.028801381958004964,0.028859090383039458,0.02914734918026486,0.029072926360885706,0.028673712477919232,0.028601246836475535,0.028194283801638503,0.02830572480335815,0.02822299008909629,0.02811048180089469,0.02747381600941003,0.02780625492547427,0.02785913646709246,0.028257811835240638,0.028491104918179223,0.02832799495965072,0.028185698522447948,0.027985068711140825,0.028179195830314033,0.02816874099193193,0.028086170842500122,0.02829510695753305,0.02844416467507397,0.028547541009632058,0.02852718666474264,0.028571909594687125,0.028523960196163465,0.028452077866504034,0.02824814556859094,0.028390209320384656,0.02839966241774112,0.02827525442914364,0.028254810608748383,0.028479388359667755,0.028636861998972283,0.028565680301682057,0.02863605754936831,0.028638667448133683,0.02856793198816954,0.02869995883462776,0.028639746673109874,0.028540880476934788,0.028236411227196983,0.028253131150271327,0.028162156622100535,0.028224457622622608,0.028272339225379375,0.028088455636276613,0.02814643020641437,0.028265832296296298,0.02830865504446628,0.028435705202501004,0.028644941307434717,0.02890009427447442,0.028785131574756217,0.02880601754051768,0.028627896449038848,0.02863585593273597,0.02847809657080305,0.028459901954948064,0.02838877980912522,0.0284128353765849,0.028550801191486577,0.02872914553246132,0.028586191506428778,0.028790407951338894,0.028568161522125483,0.02822970303445502,0.0282152679031436,0.028111830318829592,0.028333847701205034,0.028479426877618282,0.028603904853350355,0.02898109343547827,0.02844386247547033,0.028464692920736136,0.028567350660049513,0.028653380784945098,0.028358407184720966,0.028268929521426938,0.028299415467228268,0.027772262577744376,0.02792983184228462,0.028121743539927895,0.028174734447727504,0.028045726772667208,0.028058193054268328,0.027958276458786808,0.027972650634632546,0.02776046153444012,0.0278236858018404,0.02786061294977862,0.027671238203904554,0.02765184949159926,0.02751161033795059,0.02749399382952159,0.027385162162128305,0.027361847515577374,0.027604546038692022,0.027432164901331997,0.02771290170242135,0.02752041548382873,0.027388426045400906,0.027308884252095395,0.02715177845430356,0.026846548908042375,0.027067940837353345,0.02676634600993052,0.026857331143963836,0.02733076717339252,0.028255812015818917,0.028381830682511898,0.028898437052735714,0.028547294275195104,0.028285603154422228,0.028901374509367406,0.029634833459079996,0.03027255301994993,0.030252425202908582,0.03054844348259387,0.0314508057947668,0.032875262407172985,0.03283657235422486,0.032958604543552546,0.03201601894569106,0.03164097178231291,0.031041170861221493,0.03052033739176273,0.030457929427052142,0.02975937135252383,0.029656572330275067,0.029781310462294017,0.02980290797681453,0.03009995663939488,0.03064321917912047,0.031123874476597087,0.031271359587714,0.03128199390694113,0.032199802200543706,0.031169074357523602,0.031156698795570047,0.030871383907628603,0.030322993193994185,0.030436653047235175,0.030537901604165255,0.030482754089239117,0.031118595136721074,0.03112807217324145,0.030842534588144916,0.030809828975660706,0.030979085635114863,0.030490509597704732,0.030811992885876025,0.03064148347354071,0.030662865359814637,0.03064561698131205,0.03054299124286668,0.03075848326520142,0.0310935438114153,0.031013032027593243,0.031191367820040627,0.03136201905117085,0.03164504830472863,0.03146726654644212,0.031138999071346988,0.03093554160855019,0.031137891647259726,0.030951734545202017,0.030923291064885235,0.030832627621981905,0.030342138371713085,0.03025567701727832,0.030259063223490965,0.030022019677039265,0.029591960205145745,0.02995147726571907,0.02741645746985254,0.027726713552366434,0.026953599835917663,0.02736333955657934,0.026910937348164778,0.02689506687262722,0.026841862140571666,0.026793854063098733,0.02677045164631305,0.026977418085778755,0.02694782098995805,0.027446414683805154,0.02707451540179413,